frame_nmr,car_id,car_bbox,license_plate_bbox,license_plate_bbox_score,license_number,license_number_score
2,7.0,[796.1067735873025 359.7582890545351 1108.0262296138064 613.7368139423253],[917.33056640625 514.6224365234375 979.50048828125 543.449951171875],0.37125691771507263,LA06DZT,0.3641662445323219
